businessCategory,carLicense,cn,departmentNumber,description,destinationIndicator,displayName,distinguishedName,employeeNumber,employeeType,facsimileTelephoneNumber,givenName,homePhone,homePostalAddress,initials,internationaliSDNNumber,l,mail,manager,mobile,o,ou,pager,physicalDeliveryOfficeName,postOfficeBox,postalAddress,postalCode,preferredDeliveryMethod,preferredLanguage,registeredAddress,roomNumber,secretary,seeAlso,sn,st,street,telephoneNumber,teletexTerminalIdentifier,telexNumber,title,uid,objectClass,memberOf,objectSid,objectguid,sAMAccountName,primaryGroupID,primaryGroupDN,accountFlags,department,msNPCallingStationID,msRADIUSFramedRoute,msNPAllowDialin,msRADIUSCallbackNumber,msRADIUSFramedIPAddress,mailNickname,homeMDB,msExchHideFromAddressLists,msRTCSIP-UserEnabled,SipAddress,RegistrarPool,LyncPinSet,LyncPinLockedOut,pwdLastSet,msDS-PrincipalName,userPrincipalName,lastLogonTimestamp
,,Abigail.Leal,,,,"Abigail, Leal (Contractor)","CN=Abigail.Leal,OU=NA,DC=abc,DC=local",15431541,,,Abigail,,,,,,,,,,,,,,,,,,,,,,Leal,,,,,,Contractor - IT Project Mgmt Office,,top,,S-1-5-21-1622704856-2119577735-116698500-1229,{0ad446e9-146d-4ad0-a3a1-64c2cc2a38dd},Abigail.Leal,513,,Normal User Account,,,,Not Set,,,,,,,,,,,0,ABC\Abigail.Leal,,
,,Adalberto.Osman,,,,Adalberto  Osman,"CN=Adalberto.Osman,OU=Usa,OU=NA,DC=abc,DC=local",744320,,,Adalberto,,,,,,aosman@abccorp.com,,,,,,,,,,,,,,,,Osman,"Charlotte, NC",,,,,Director of Sales,,top,,S-1-5-21-1622704856-2119577735-116698500-1130,{5b3fabc5-63ed-4eb5-adbc-03a6749d241b},Adalberto.Osman,513,,Normal User Account,Sales,,,Not Set,,,,,,,,,,,0,ABC\Adalberto.Osman,,
,,Adaline.Beckford,,,,"Adaline, Beckford (Contractor)","CN=Adaline.Beckford,OU=Usa,OU=NA,DC=abc,DC=local",15434062,,,Adaline,,,,,,,,,,,,,,,,,,,,,,Beckford,,,,,,,,top,,S-1-5-21-1622704856-2119577735-116698500-1245,{ed1b89db-0c78-4bc0-b022-8afa0b12bd36},Adaline.Beckford,513,,Normal User Account,,,,Not Set,,,,,,,,,,,0,ABC\Adaline.Beckford,,
,,Agripina.Rady,,,,Agripina M Rady,"CN=Agripina.Rady,OU=Usa,OU=NA,DC=abc,DC=local",109544,,,Agripina,,,,,,arady@abccorp.com,,,,,,,,,,,,,,,,Rady,"Phoenix, AZ",,,,,A2 Oreo Reels 32 BLDG,,top,,S-1-5-21-1622704856-2119577735-116698500-1138,{fbec3e72-1228-4737-baed-5b21228029db},Agripina.Rady,513,,Normal User Account,Battle Creek,,,Not Set,,,,,,,,,,,1.32096E+17,ABC\Agripina.Rady,,
,,Alix.Mayle,I,,,Alix B Mayle,"CN=Alix.Mayle,OU=Usa,OU=NA,DC=abc,DC=local",598543,,,Alix,,,,,,guillermo.fernandez@sailpoint.com,,,,,,,,,,,,,,,,Mayle,"Los Angeles, CA",,,,,Operations Lead - NFLD,,top,"CN=Niagara Falls,OU=Groups,DC=abc,DC=local",S-1-5-21-1622704856-2119577735-116698500-1172,{315f979d-6b53-4d44-806f-455ac59a429f},Alix.Mayle,513,,Normal User Account,I Shift,,,Not Set,,,,,,,,,,,1.32727E+17,ABC\Alix.Mayle,Alix.Mayle@abc.local,1.32727E+17
,,Angelika.Bradberry,I,,,Angelika N Bradberry,"CN=Angelika.Bradberry,OU=EMEA,DC=abc,DC=local",441780,,,Angelika,,,,,,abradberry@abccorp.com,,,,,,,,,,,,,,,,Bradberry,"Atlanta, GA",,,,,Specialist - NFLD,,top,,S-1-5-21-1622704856-2119577735-116698500-1160,{d662b2e6-1f97-4cd7-a99f-396a50cd44a2},Angelika.Bradberry,513,,Normal User Account,I Shift,,,Not Set,,,,,,,,,,,0,ABC\Angelika.Bradberry,,
,,Ann.Huffaker,QA,,,Ann S Huffaker,"CN=Ann.Huffaker,OU=Usa,OU=NA,DC=abc,DC=local",517449,,,Ann,,,,,,ahuffaker@abccorp.com,,,,,,,,,,,,,,,,Huffaker,"Orlando, FL",,,,,Technician III,,top,"CN=All AD Users,OU=Groups,DC=abc,DC=local",S-1-5-21-1622704856-2119577735-116698500-1157,{72a45eb8-c7b1-4067-9654-71407e664dea},Ann.Huffaker,513,,Normal User Account,QA - Tremonton,,,Not Set,,,,,,,,,,,0,ABC\Ann.Huffaker,,
,,Annabel.Harger,I,,,Annie E Harger,"CN=Annabel.Harger,OU=Usa,OU=NA,DC=abc,DC=local",598980,,,Annabel,,,,,,aharger@abccorp.com,,,,,,,,,,,,,,,,Harger,"Oklahoma City, OK",,,,,Specialist - TR,,top,,S-1-5-21-1622704856-2119577735-116698500-1156,{b84bf576-4250-46b9-b2ab-d20ee0637de4},Annabel.Harger,513,,Normal User Account,I Shift,,,Not Set,,,,,,,,,,,0,ABC\Annabel.Harger,,
,,Arletha.Perdue,H,,,Arletha A Perdue,"CN=Arletha.Perdue,OU=Usa,OU=NA,DC=abc,DC=local",879936,,,Arletha,,,,,,aperdue@abccorp.com,,,,,,,,,,,,,,,,Perdue,"Nashville, TN",,,,,Specialist - NFLD,,top,,S-1-5-21-1622704856-2119577735-116698500-1144,{911a6876-6dfd-40ca-8c01-ab811eef1411},Arletha.Perdue,513,,Normal User Account,H Shift,,,Not Set,,,,,,,,,,,0,ABC\Arletha.Perdue,,
,,Aurea.Tobey,H,,,"Aurea, Tobey","CN=Aurea.Tobey,OU=Usa,OU=NA,DC=abc,DC=local",399676,,,Aurea,,,,,,atobey@abccorp.com,,,,,,,,,,,,,,,,Tobey,"Portland, OR",,,,,Operator,,top,,S-1-5-21-1622704856-2119577735-116698500-1198,{4e10477d-316c-40fa-afd0-6ea8303bbd24},Aurea.Tobey,513,,Normal User Account,H Shift,,,Not Set,,,,,,,,,,,1.32554E+17,ABC\Aurea.Tobey,,
,,Bailey.Borrelli,,,,"Bailey, Borrelli (Contractor)","CN=Bailey.Borrelli,OU=Usa,OU=NA,DC=abc,DC=local",15431738,,,Bailey,,,,,,,,,,,,,,,,,,,,,,Borrelli,,,,,,Contractor,,top,,S-1-5-21-1622704856-2119577735-116698500-1243,{aae35d76-20e4-459d-9658-d921bc0f1175},Bailey.Borrelli,513,,Normal User Account,,,,Not Set,,,,,,,,,,,0,ABC\Bailey.Borrelli,,
,,Benito.Coppock,,,,"Benito, Coppock (Contractor)","CN=Benito.Coppock,OU=Usa,OU=NA,DC=abc,DC=local",15432496,,,Benito,,,,,,,,,,,,,,,,,,,,,,Coppock,,,,,,Contractor - LTI,,top,,S-1-5-21-1622704856-2119577735-116698500-1223,{4fce95c7-733b-4661-8ee1-b5f1c6fc032d},Benito.Coppock,513,,Normal User Account,,,,Not Set,,,,,,,,,,,0,ABC\Benito.Coppock,,
,,Berna.Cubbage,,,,"Berna, Cubbage (Contractor)","CN=Berna.Cubbage,OU=Usa,OU=NA,DC=abc,DC=local",15435665,,,Berna,,,,,,,,,,,,,,,,,,,,,,Cubbage,,,,,,Jonesboro,,top,,S-1-5-21-1622704856-2119577735-116698500-1216,{12dbb959-f84f-49e5-8472-5be53bbe970d},Berna.Cubbage,513,,Normal User Account,,,,Not Set,,,,,,,,,,,0,ABC\Berna.Cubbage,,
,,Brady.Buonocore,,,,"Brady, Buonocore (Contractor)","CN=Brady.Buonocore,OU=Usa,OU=NA,DC=abc,DC=local",15431351,,,Brady,,,,,,,,,,,,,,,,,,,,,,Buonocore,,,,,,Jonesboro,,top,,S-1-5-21-1622704856-2119577735-116698500-1242,{a2f72654-a580-439b-ac83-bb5350093f7d},Brady.Buonocore,513,,Normal User Account,,,,Not Set,,,,,,,,,,,0,ABC\Brady.Buonocore,,
,,Britteny.Lalor,,,,Britteny N Lalor,"CN=Britteny.Lalor,OU=Usa,OU=NA,DC=abc,DC=local",474406,,,Britteny,,,,,,blalor@abccorp.com,,,,,,,,,,,,,,,,Lalor,"Los Angeles, CA",,,,,A1 Head BBM 32 BLDG,,top,"CN=All AD Users,OU=Groups,DC=abc,DC=local",S-1-5-21-1622704856-2119577735-116698500-1154,{ae19dda1-7bbe-428e-9a34-a2c20eb7f3ba},Britteny.Lalor,513,,Normal User Account,Battle Creek,,,Not Set,,,,,,,,,,,0,ABC\Britteny.Lalor,,
,,Candace.Boden,I,,,Candace N Boden,"CN=Candace.Boden,OU=Usa,OU=NA,DC=abc,DC=local",,,,Candace,,,,,,cboden@abccorp.com,,,,,,,,,,,,,,,,Boden,"Charlotte, NC",,,,,Flexible Packaging I,,top,,S-1-5-21-1622704856-2119577735-116698500-1139,{d8052a2a-e82f-4a2a-9d28-ec2a1a9aa916},Candace.Boden,513,,Normal User Account,I Shift,,,Not Set,,,,,,,,,,,0,ABC\Candace.Boden,,
,,Carey.Admire,MAINT,,,Carey C Admire,"CN=Carey.Admire,OU=Usa,OU=NA,DC=abc,DC=local",749063,,,Carey,,,,,,cadmire@abccorp.com,,,,,,,,,,,,,,,,Admire,"Portland, OR",,,,,Maint Materials Buyer,,top,,S-1-5-21-1622704856-2119577735-116698500-1189,{794f7c74-b9c8-465b-a3af-1a15ea33b7e1},Carey.Admire,513,,Normal User Account,Maintenance,,,Not Set,,,,,,,,,,,0,ABC\Carey.Admire,,
,,Carolyne.Hofstetter,,,,"Carolyne, Hofstetter (Contractor)","CN=Carolyne.Hofstetter,OU=Usa,OU=NA,DC=abc,DC=local",15431650,,,Carolyne,,,,,,,,,,,,,,,,,,,,,,Hofstetter,,,,,,Contractor - LTI,,top,,S-1-5-21-1622704856-2119577735-116698500-1239,{acd1135e-833c-4085-b406-36f159b9f2cc},Carolyne.Hofstetter,513,,Normal User Account,,,,Not Set,,,,,,,,,,,0,ABC\Carolyne.Hofstetter,,
,,Celestina.Heitman,J,,,Celestina S Heitman,"CN=Celestina.Heitman,OU=Usa,OU=NA,DC=abc,DC=local",837099,,,Celestina,,,,,,cheitman@abccorp.com,,,,,,,,,,,,,,,,Heitman,"Orlando, FL",,,,,Production Support - TR,,top,,S-1-5-21-1622704856-2119577735-116698500-1142,{9f1a85be-4aaf-4230-8ac0-91362e8d6c07},Celestina.Heitman,513,,Normal User Account,J Shift,,,Not Set,,,,,,,,,,,0,ABC\Celestina.Heitman,,
,,Chauncey.Hix,,,,Chauncey H Hix,"CN=Chauncey.Hix,OU=Usa,OU=NA,DC=abc,DC=local",369177,,,Chauncey,,,,,,chix@abccorp.com,,,,,,,,,,,,,,,,Hix,"Los Angeles, CA",,,,,A2 Mill 4 BLDG,,top,,S-1-5-21-1622704856-2119577735-116698500-1165,{4f6e468a-ccd8-4be6-be74-8eb6cf5204ea},Chauncey.Hix,513,,Normal User Account,Battle Creek,,,Not Set,,,,,,,,,,,0,ABC\Chauncey.Hix,,
,,Cheree.Peden,K,,,Cheree M Peden,"CN=Cheree.Peden,OU=Usa,OU=NA,DC=abc,DC=local",730150,,,Cheree,,,,,,cpeden@abccorp.com,,,,,,,,,,,,,,,,Peden,"Chicago, IL",,,,,Flexible Packaging K,,top,,S-1-5-21-1622704856-2119577735-116698500-1163,{cb63c1c6-af7d-4077-95cd-55d898e95e7c},Cheree.Peden,513,,Normal User Account,K Shift,,,Not Set,,,,,,,,,,,0,ABC\Cheree.Peden,,
,,Cornelia.Wojtowicz,I,,,Cornelia M Wojtowicz,"CN=Cornelia.Wojtowicz,OU=Usa,OU=NA,DC=abc,DC=local",679912,,,Cornelia,,,,,,cwojtowicz@abccorp.com,,,,,,,,,,,,,,,,Wojtowicz,"Denver, CO",,,,,Ph 11 Pkg Team Member,,top,,S-1-5-21-1622704856-2119577735-116698500-1140,{8fb2c6ba-087c-422c-8b70-1b288410a44d},Cornelia.Wojtowicz,513,,Normal User Account,I Shift,,,Not Set,,,,,,,,,,,0,ABC\Cornelia.Wojtowicz,,
,,Daine.Brunt,PAYBN,,,Daine  Brunt,"CN=Daine.Brunt,OU=Usa,OU=NA,DC=abc,DC=local",938454,,,Daine,,,,,,dbrunt@abccorp.com,,,,,,,,,,,,,,,,Brunt,"Charlotte, NC",,,,,Cdn. HR Coordinator,,top,,S-1-5-21-1622704856-2119577735-116698500-1136,{8949a900-7787-4d81-9c17-dc0333c9a091},Daine.Brunt,513,,Normal User Account,Payroll and Benefits,,,Not Set,,,,,,,,,,,0,ABC\Daine.Brunt,,
,,Damaris.Garon,,,,Damaris P Garon,"CN=Damaris.Garon,OU=Usa,OU=NA,DC=abc,DC=local",154990,,,Damaris,,,,,,dgaron@abccorp.com,,,,,,,,,,,,,,,,Garon,"Washington, DC",,,,,IT Tech Support Manager,,top,,S-1-5-21-1622704856-2119577735-116698500-1201,{868db091-f9c0-4322-aa4a-d85de4d48f8c},Damaris.Garon,513,,Normal User Account,INFORMATION TECHNOLOGY,,,Not Set,,,,,,,,,,,0,ABC\Damaris.Garon,,
,,Dannie.Hoda,,,,Dannie  Hoda,"CN=Dannie.Hoda,OU=Usa,OU=NA,DC=abc,DC=local",121394,,,Dannie,,,,,,dhoda@abccorp.com,,,,,,,,,,,,,,,,Hoda,"Oklahoma City, OK",,,,,Sr. Payroll Manager,,top,,S-1-5-21-1622704856-2119577735-116698500-1178,{c67bcf5d-1cdf-4bb2-b30a-19fd6c0d618e},Dannie.Hoda,513,,Normal User Account,Human Resources,,,Not Set,,,,,,,,,,,0,ABC\Dannie.Hoda,,
,,Dede.Hardman,,,,Dede J Hardman,"CN=Dede.Hardman,OU=Usa,OU=NA,DC=abc,DC=local",314178,,,Dede,,,,,,dhardman@abccorp.com,,,,,,,,,,,,,,,,Hardman,"Phoenix, AZ",,,,,Maintenance,,top,"CN=Niagara Falls,OU=Groups,DC=abc,DC=local",S-1-5-21-1622704856-2119577735-116698500-1159,{26e3d7c9-3cf7-4651-8342-d13a469a6b81},Dede.Hardman,513,,Normal User Account,Niagara Falls,,,Not Set,,,,,,,,,,,0,ABC\Dede.Hardman,,
,,Edgardo.Monte,SLGH,,,Edgardo P Monte,"CN=Edgardo.Monte,OU=Usa,OU=NA,DC=abc,DC=local",460140,,,Edgardo,,,,,,emonte@abccorp.com,,,,,,,,,,,,,,,,Monte,"Phoenix, AZ",,,,,Sr Account Manager,,top,,S-1-5-21-1622704856-2119577735-116698500-1199,{24e35033-b979-490b-b311-2ac3c734e6a0},Edgardo.Monte,513,,Normal User Account,Headquarters,,,Not Set,,,,,,,,,,,0,ABC\Edgardo.Monte,,
,,Eduardo.Hillary,,,,Ed N Hillary,"CN=Eduardo.Hillary,OU=Usa,OU=NA,DC=abc,DC=local",516112,,,Eduardo,,,,,,ehillary@abccorp.com,,,,,,,,,,,,,,,,Hillary,"Nashville, TN",,,,,B1 Puff,,top,,S-1-5-21-1622704856-2119577735-116698500-1202,{0b20502e-c6b0-4f12-8006-a44bb3fa75b9},Eduardo.Hillary,513,,Normal User Account,Battle Creek,,,Not Set,,,,,,,,,,,0,ABC\Eduardo.Hillary,,
,,Elden.Zheng,,,,"Elden, Zheng (Contractor)","CN=Elden.Zheng,OU=Usa,OU=NA,DC=abc,DC=local",15430043,,,Elden,,,,,,,,,,,,,,,,,,,,,,Zheng,,,,,,Sales Director,,top,,S-1-5-21-1622704856-2119577735-116698500-1251,{67f75605-11c6-4c65-814b-54c661c9c373},Elden.Zheng,513,,Normal User Account,,,,Not Set,,,,,,,,,,,0,ABC\Elden.Zheng,,
,,Elia.Pinette,,,,Elia  Pinette,"CN=Elia.Pinette,OU=Usa,OU=NA,DC=abc,DC=local",730322,,,Elia,,,,,,epinette@abccorp.com,,,,,,,,,,,,,,,,Pinette,"Washington, DC",,,,,Foberg,,top,,S-1-5-21-1622704856-2119577735-116698500-1174,{55ddc284-678f-40f6-8fca-ba9a77edf7d4},Elia.Pinette,513,,Normal User Account,WNA-Production,,,Not Set,,,,,,,,,,,0,ABC\Elia.Pinette,,
,,Elna.Pyper,,,,"Elna, Pyper (Contractor)","CN=Elna.Pyper,OU=Usa,OU=NA,DC=abc,DC=local",15431265,,,Elna,,,,,,,,,,,,,,,,,,,,,,Pyper,,,,,,Jonesboro,,top,,S-1-5-21-1622704856-2119577735-116698500-1231,{d04086fd-5349-41bb-8837-0f991c23cb2f},Elna.Pyper,513,,Normal User Account,,,,Not Set,,,,,,,,,,,0,ABC\Elna.Pyper,,
,,Elyse.Funkhouser,MAINI,,,Elyse C Funkhouser,"CN=Elyse.Funkhouser,OU=Usa,OU=NA,DC=abc,DC=local",101636,,,Elyse,,,,,,efunkhouser@abccorp.com,,,,,,,,,,,,,,,,Funkhouser,"Austin, TX",,,,,Maintenance Tech III,,top,,S-1-5-21-1622704856-2119577735-116698500-1167,{2605a3ef-f0a4-458e-ad6f-60f27b18bd42},Elyse.Funkhouser,513,,Normal User Account,Maintenance I,,,Not Set,,,,,,,,,,,0,ABC\Elyse.Funkhouser,,
,,Emerson.Hommel,MTJ,,,Em D Hommel,"CN=Emerson.Hommel,OU=Usa,OU=NA,DC=abc,DC=local",559266,,,Emerson,,,,,,ehommel@abccorp.com,,,,,,,,,,,,,,,,Hommel,"Nashville, TN",,,,,Maintenance Apprentice,,top,,S-1-5-21-1622704856-2119577735-116698500-1210,{59cb8e77-fb3d-4d91-bbb9-e994c623e18b},Emerson.Hommel,513,,Normal User Account,Maintenance J,,,Not Set,,,,,,,,,,,0,ABC\Emerson.Hommel,,
,,Evan.Porras,,,,Evan D Porras,"CN=Evan.Porras,OU=Usa,OU=NA,DC=abc,DC=local",422688,,,Evan,,,,,,eporras@abccorp.com,,,,,,,,,,,,,,,,Porras,"Washington, DC",,,,,Floater,,top,,S-1-5-21-1622704856-2119577735-116698500-1203,{78819390-1e99-42b7-a857-648b04d9ef2a},Evan.Porras,513,,Normal User Account,Battle Creek,,,Not Set,,,,,,,,,,,0,ABC\Evan.Porras,,
,,Evelina.Sharper,,,,Evelina L Sharper,"CN=Evelina.Sharper,OU=Usa,OU=NA,DC=abc,DC=local",463719,,,Evelina,,,,,,esharper@abccorp.com,,,,,,,,,,,,,,,,Sharper,"Austin, TX",,,,,Associate General Counsel,,top,"CN=HR team Access,OU=Groups,DC=abc,DC=local",S-1-5-21-1622704856-2119577735-116698500-1125,{f0f5fcf9-d97f-43ab-83e0-7683af4d09c3},Evelina.Sharper,513,,Normal User Account,Legal,,,Not Set,,,,,,,,,,,0,ABC\Evelina.Sharper,,
,,Flavia.Hammers,,,,"Flavia, Hammers (Contractor)","CN=Flavia.Hammers,OU=Usa,OU=NA,DC=abc,DC=local",15431035,,,Flavia,,,,,,,,,,,,,,,,,,,,,,Hammers,,,,,,Contractor - Aptean,,top,,S-1-5-21-1622704856-2119577735-116698500-1224,{3762af5a-f547-4d27-b063-78a3be5794a4},Flavia.Hammers,513,,Normal User Account,,,,Not Set,,,,,,,,,,,0,ABC\Flavia.Hammers,,
,,Foster.Grabowski,,,,Foster H Grabowski,"CN=Foster.Grabowski,OU=Usa,OU=NA,DC=abc,DC=local",503597,,,Foster,,,,,,fgrabowski@abccorp.com,,,,,,,,,,,,,,,,Grabowski,"Portland, OR",,,,,Class A Electrician,,top,,S-1-5-21-1622704856-2119577735-116698500-1187,{c23b5b62-d51c-4ca2-9bb0-3909534eb038},Foster.Grabowski,513,,Normal User Account,Battle Creek,,,Not Set,,,,,,,,,,,0,ABC\Foster.Grabowski,,
,,Franchesca.Fontaine,,,,"Franchesca, Fontaine (Contractor)","CN=Franchesca.Fontaine,OU=Usa,OU=NA,DC=abc,DC=local",15431743,,,Franchesca,,,,,,,,,,,,,,,,,,,,,,Fontaine,,,,,,Contractor,,top,,S-1-5-21-1622704856-2119577735-116698500-1233,{aa8e6363-4919-4220-a884-2eaf257dcf35},Franchesca.Fontaine,513,,Normal User Account,,,,Not Set,,,,,,,,,,,0,ABC\Franchesca.Fontaine,,
,,Franchesca.Moreles,I,,,Fran Renee Moreles,"CN=Franchesca.Moreles,OU=Usa,OU=NA,DC=abc,DC=local",763436,,,Franchesca,,,,,,fmoreles@abccorp.com,,,,,,,,,,,,,,,,Moreles,"Nashville, TN",,,,,Production Support,,top,,S-1-5-21-1622704856-2119577735-116698500-1175,{bf74b260-60a5-4f4e-83ee-1445ce1131d7},Franchesca.Moreles,513,,Normal User Account,I Shift,,,Not Set,,,,,,,,,,,0,ABC\Franchesca.Moreles,,
,,Freeman.Harbuck,,,,"Freeman, Harbuck (Contractor)","CN=Freeman.Harbuck,OU=Usa,OU=NA,DC=abc,DC=local",15435768,,,Freeman,,,,,,,,,,,,,,,,,,,,,,Harbuck,,,,,,Web Master www.Malt-O-Meal.com,,top,,S-1-5-21-1622704856-2119577735-116698500-1219,{e3f0ba4c-ef59-4f48-a2c1-c6031c432d62},Freeman.Harbuck,513,,Normal User Account,,,,Not Set,,,,,,,,,,,0,ABC\Freeman.Harbuck,,
,,Genevive.Finamore,,,,"Genevive, Finamore (Contractor)","CN=Genevive.Finamore,OU=Usa,OU=NA,DC=abc,DC=local",15430975,,,Genevive,,,,,,,,,,,,,,,,,,,,,,Finamore,,,,,,Niagara Falls,,top,,S-1-5-21-1622704856-2119577735-116698500-1240,{8dc8e882-a3d0-4e06-b797-d172e616e41c},Genevive.Finamore,513,,Normal User Account,,,,Not Set,,,,,,,,,,,0,ABC\Genevive.Finamore,,
,,Gilbert.Goforth,,,,"Gilbert, Goforth (Contractor)","CN=Gilbert.Goforth,OU=Usa,OU=NA,DC=abc,DC=local",15432248,,,Gilbert,,,,,,,,,,,,,,,,,,,,,,Goforth,,,,,,Contractor-Kenco,,top,,S-1-5-21-1622704856-2119577735-116698500-1212,{4ed9206e-65b5-45ed-9276-df96fd44129a},Gilbert.Goforth,513,,Normal User Account,,,,Not Set,,,,,,,,,,,0,ABC\Gilbert.Goforth,,
,,Gillian.Stong,,,,"Gillian, Stong (Contractor)","CN=Gillian.Stong,OU=Usa,OU=NA,DC=abc,DC=local",15431214,,,Gillian,,,,,,,,,,,,,,,,,,,,,,Stong,,,,,,Contractor - Geodis,,top,,S-1-5-21-1622704856-2119577735-116698500-1250,{27682355-cc56-44de-a605-e7fad99255d7},Gillian.Stong,513,,Normal User Account,,,,Not Set,,,,,,,,,,,0,ABC\Gillian.Stong,,
,,Grady.Bandy,I,,,Grady A Bandy,"CN=Grady.Bandy,OU=Usa,OU=NA,DC=abc,DC=local",652655,,,Grady,,,,,,gbandy@abccorp.com,,,,,,,,,,,,,,,,Bandy,"Austin, TX",,,,,Warehouse Person SLC,,top,,S-1-5-21-1622704856-2119577735-116698500-1155,{fc43fdfc-5dc1-4328-b2a4-e3c2b4c2ed91},Grady.Bandy,513,,Normal User Account,I Shift,,,Not Set,,,,,,,,,,,0,ABC\Grady.Bandy,,
,,Heath.Ashmore,,,,Heath  Ashmore,"CN=Heath.Ashmore,OU=Usa,OU=NA,DC=abc,DC=local",262302,,,Heath,,,,,,hashmore@abccorp.com,,,,,,,,,,,,,,,,Ashmore,"New York, NY",,,,,Internal Control Analyst,,top,"CN=IT Team Access,OU=Groups,DC=abc,DC=local",S-1-5-21-1622704856-2119577735-116698500-1122,{39ecb1ca-411e-4043-abd7-a4aa7c306f0b},Heath.Ashmore,513,,Normal User Account,INFORMATION TECHNOLOGY,,,Not Set,,,,,,,,,,,0,ABC\Heath.Ashmore,,
,,Hector Mong,CREDI,,,Hector M Mong,"CN=Hector Mong,OU=Usa,OU=NA,DC=abc,DC=local",363795,,,Hector,,,,,,hmong@abccorp.com,,,,,,,,,,,,,,,,Mong,"Atlanta, GA",,,,,Credit Manager,,top,,S-1-5-21-1622704856-2119577735-116698500-1191,{0b8f0562-fb1d-47cb-9865-1aa9a3ba246f},Hector Mong,513,,Normal User Account,Credit Department,,,Not Set,,,,,,,,,,,0,ABC\Hector Mong,,
,,Hee.Gannon,DEDUC,,,Hee L Gannon,"CN=Hee.Gannon,OU=Usa,OU=NA,DC=abc,DC=local",837452,,,Hee,,,,,,hgannon@abccorp.com,,,,,,,,,,,,,,,,Gannon,"Austin, TX",,,,,Sr AR Coordinator,,top,,S-1-5-21-1622704856-2119577735-116698500-1123,{6725a9e3-ebff-44c3-bcd6-70bbfbca8159},Hee.Gannon,513,,Normal User Account,Deductions Department,,,Not Set,,,,,,,,,,,0,ABC\Hee.Gannon,,
,,Hubert.Saffell,,,,"Hubert, Saffell (Contractor)","CN=Hubert.Saffell,OU=Usa,OU=NA,DC=abc,DC=local",15431756,,,Hubert,,,,,,,,,,,,,,,,,,,,,,Saffell,,,,,,Contractor - GL2,,top,,S-1-5-21-1622704856-2119577735-116698500-1248,{1975d211-0cdc-4820-bcf0-3fd6890aa213},Hubert.Saffell,513,,Normal User Account,,,,Not Set,,,,,,,,,,,0,ABC\Hubert.Saffell,,
,,Inga.Smidt,,,,"Inga, Smidt (Contractor)","CN=Inga.Smidt,OU=Usa,OU=NA,DC=abc,DC=local",15429657,,,Inga,,,,,,,,,,,,,,,,,,,,,,Smidt,,,,,,Contractor - Plant,,top,,S-1-5-21-1622704856-2119577735-116698500-1235,{cb8954a1-2370-4476-999f-6b034a189fea},Inga.Smidt,513,,Normal User Account,,,,Not Set,,,,,,,,,,,0,ABC\Inga.Smidt,,
,,Iraida.Tran,,,,"Iraida, Tran (Contractor)","CN=Iraida.Tran,OU=Usa,OU=NA,DC=abc,DC=local",15431092,,,Iraida,,,,,,,,,,,,,,,,,,,,,,Tran,,,,,,Contractor - Aptean,,top,,S-1-5-21-1622704856-2119577735-116698500-1230,{719a3488-1c2e-48c5-8d8a-3fb17d385dfb},Iraida.Tran,513,,Normal User Account,,,,Not Set,,,,,,,,,,,0,ABC\Iraida.Tran,,
,,Janene.Hulett,,,,"Janene, Hulett (Contractor)","CN=Janene.Hulett,OU=Usa,OU=NA,DC=abc,DC=local",15432940,,,Janene,,,,,,,,,,,,,,,,,,,,,,Hulett,,,,,,Contractor - Office,,top,,S-1-5-21-1622704856-2119577735-116698500-1244,{8a229958-a474-4159-865c-e7e5ddcf74ff},Janene.Hulett,513,,Normal User Account,,,,Not Set,,,,,,,,,,,0,ABC\Janene.Hulett,,
,,Jasper.Herron,CSIN,,,Jasper F Herron,"CN=Jasper.Herron,OU=Usa,OU=NA,DC=abc,DC=local",395039,,,Jasper,,,,,,jherron@abccorp.com,,,,,,,,,,,,,,,,Herron,"Charlotte, NC",,,,,Sr Brand Manager,,top,,S-1-5-21-1622704856-2119577735-116698500-1121,{05b4ace2-12a6-46e5-8913-40c1d1ec076d},Jasper.Herron,513,,Normal User Account,Consumer Strategy&Insight,,,Not Set,,,,,,,,,,,0,ABC\Jasper.Herron,,
,,Jennie.Gaut,MTK,,,Jennie J. Gaut,"CN=Jennie.Gaut,OU=Usa,OU=NA,DC=abc,DC=local",372313,,,Jennie,,,,,,jgaut@abccorp.com,,,,,,,,,,,,,,,,Gaut,"Austin, TX",,,,,Maintenance Technician II,,top,,S-1-5-21-1622704856-2119577735-116698500-1192,{20af479b-8e10-478d-b065-82b225196f9c},Jennie.Gaut,513,,Normal User Account,Maintenance K,,,Not Set,,,,,,,,,,,0,ABC\Jennie.Gaut,,
,,Jinny.Pothier,,,,Jinny M Pothier,"CN=Jinny.Pothier,OU=Usa,OU=NA,DC=abc,DC=local",146181,,,Jinny,,,,,,jpothier@abccorp.com,,,,,,,,,,,,,,,,Pothier,"Phoenix, AZ",,,,,Sr. HRIS Project Mgr/BA,,top,"CN=All AD Users,OU=Groups,DC=abc,DC=local",S-1-5-21-1622704856-2119577735-116698500-1186,{31c0cf49-546e-4e24-ace9-940143cf927c},Jinny.Pothier,513,,Normal User Account,Information Systems,,,Not Set,,,,,,,,,,,0,ABC\Jinny.Pothier,,
,,Joesph.Yeager,,,,Joesph  Yeager,"CN=Joesph.Yeager,OU=Usa,OU=NA,DC=abc,DC=local",847025,,,Joesph,,,,,,jyeager@abccorp.com,,,,,,,,,,,,,,,,Yeager,"Minneapolis, MN",,,,,Maintenance,,top,"CN=Niagara Falls,OU=Groups,DC=abc,DC=local",S-1-5-21-1622704856-2119577735-116698500-1206,{cf86990c-1a92-4034-b369-18b165582517},Joesph.Yeager,513,,Normal User Account,Niagara Falls,,,Not Set,,,,,,,,,,,0,ABC\Joesph.Yeager,,
,,Johnetta.Marcelino,,,,"Johnetta, Marcelino (Contractor)","CN=Johnetta.Marcelino,OU=Usa,OU=NA,DC=abc,DC=local",15430131,,,Johnetta,,,,,,,,,,,,,,,,,,,,,,Marcelino,,,,,,Temp,,top,,S-1-5-21-1622704856-2119577735-116698500-1228,{dfbb971f-3f4e-4d7c-853a-ece18c2b1e5d},Johnetta.Marcelino,513,,Normal User Account,,,,Not Set,,,,,,,,,,,0,ABC\Johnetta.Marcelino,,
,,Karina.Mirelez,SDAD,,,Karina A Mirelez,"CN=Karina.Mirelez,OU=Usa,OU=NA,DC=abc,DC=local",749775,,,Karina,,,,,,kmirelez@abccorp.com,,,,,,,,,,,,,,,,Mirelez,"Chicago, IL",,,,,VP Sales Support & Devel,,top,,S-1-5-21-1622704856-2119577735-116698500-1171,{906cd533-76b1-4cdc-a615-7fd6e3b5c83f},Karina.Mirelez,513,,Normal User Account,Sales Directors & Admin,,,Not Set,,,,,,,,,,,0,ABC\Karina.Mirelez,,
,,Karren.Raschke,,,,Karren R. Raschke,"CN=Karren.Raschke,OU=Usa,OU=NA,DC=abc,DC=local",859879,,,Karren,,,,,,kraschke@abccorp.com,,,,,,,,,,,,,,,,Raschke,"Portland, OR",,,,,Class A MECH MW,,top,,S-1-5-21-1622704856-2119577735-116698500-1168,{7d887b20-617a-4e0c-bfb2-d0a8cd937081},Karren.Raschke,513,,Normal User Account,Battle Creek,,,Not Set,,,,,,,,,,,0,ABC\Karren.Raschke,,
,,Kelli.Mulvey,,,,Kelli  Mulvey,"CN=Kelli.Mulvey,OU=Usa,OU=NA,DC=abc,DC=local",746829,,,Kelli,,,,,,kmulvey@abccorp.com,,,,,,,,,,,,,,,,Mulvey,"Austin, TX",,,,,Pkg Line 3 Operator,,top,"CN=Niagara Falls,OU=Groups,DC=abc,DC=local",S-1-5-21-1622704856-2119577735-116698500-1147,{23337077-4a19-41ac-b25d-8511f95fcba5},Kelli.Mulvey,513,,Normal User Account,Niagara Falls,,,Not Set,,,,,,,,,,,0,ABC\Kelli.Mulvey,,
,,Kellie.Parr,H,,,Kellie L Parr,"CN=Kellie.Parr,OU=Usa,OU=NA,DC=abc,DC=local",305737,,,Kellie,,,,,,kparr@abccorp.com,,,,,,,,,,,,,,,,Parr,"Atlanta, GA",,,,,Operator,,top,"CN=All AD Users,OU=Groups,DC=abc,DC=local",S-1-5-21-1622704856-2119577735-116698500-1143,{74c7cc4e-07f3-48ee-8b07-57d51077047e},Kellie.Parr,513,,Normal User Account,H Shift,,,Not Set,,,,,,,,,,,0,ABC\Kellie.Parr,,
,,Kiara.Schor,HMRS,,,Kiara J Schor,"CN=Kiara.Schor,OU=Usa,OU=NA,DC=abc,DC=local",299989,,,Kiara,,,,,,kschor@abccorp.com,,,,,,,,,,,,,,,,Schor,"Minneapolis, MN",,,,,Receptionist Admin Asst,,top,,S-1-5-21-1622704856-2119577735-116698500-1190,{963219ed-e158-476c-b4b5-48f70eca96a9},Kiara.Schor,513,,Normal User Account,Human Resources,,,Not Set,,,,,,,,,,,0,ABC\Kiara.Schor,,
,,Kina.Macarthur,,,,"Kina, Macarthur (Contractor)","CN=Kina.Macarthur,OU=Usa,OU=NA,DC=abc,DC=local",15432847,,,Kina,,,,,,,,,,,,,,,,,,,,,,Macarthur,,,,,,Contractor ? Swift,,top,,S-1-5-21-1622704856-2119577735-116698500-1247,{ecd74cd0-2900-40e6-a36c-a0e8ee582a2b},Kina.Macarthur,513,,Normal User Account,,,,Not Set,,,,,,,,,,,0,ABC\Kina.Macarthur,,
,,Kizzy.Drees,,,,"Kizzy, Drees (Contractor)","CN=Kizzy.Drees,OU=Usa,OU=NA,DC=abc,DC=local",15430806,,,Kizzy,,,,,,,,,,,,,,,,,,,,,,Drees,,,,,,Tote Dump Temporary,,top,,S-1-5-21-1622704856-2119577735-116698500-1226,{fc0d8a48-f535-44e5-afe3-10d1f68215c3},Kizzy.Drees,513,,Normal User Account,,,,Not Set,,,,,,,,,,,0,ABC\Kizzy.Drees,,
,,Lang.Helper,,,,"Lang, Helper (Contractor)","CN=Lang.Helper,OU=Usa,OU=NA,DC=abc,DC=local",15429712,,,Lang,,,,,,,,,,,,,,,,,,,,,,Helper,,,,,,Contractor - Office,,top,,S-1-5-21-1622704856-2119577735-116698500-1215,{0e6cf9c2-da60-4e3a-95e3-644b3c1e8cfd},Lang.Helper,513,,Normal User Account,,,,Not Set,,,,,,,,,,,0,ABC\Lang.Helper,,
,,Laquanda.Huffstutler,,,,Laquanda  Huffstutler,"CN=Laquanda.Huffstutler,OU=Usa,OU=NA,DC=abc,DC=local",143929,,,Laquanda,,,,,,lhuffstutler@abccorp.com,,,,,,,,,,,,,,,,Huffstutler,"Nashville, TN",,,,,PowerBar CA Hourly,,top,,S-1-5-21-1622704856-2119577735-116698500-1129,{2ae6e104-aea5-4bc6-bce8-f0e75451b4c2},Laquanda.Huffstutler,513,,Normal User Account,Toronto,,,Not Set,,,,,,,,,,,0,ABC\Laquanda.Huffstutler,,
,,Lasandra.Zwiebel,,,,"Lasandra, Zwiebel (Contractor)","CN=Lasandra.Zwiebel,OU=Usa,OU=NA,DC=abc,DC=local",15431234,,,Lasandra,,,,,,,,,,,,,,,,,,,,,,Zwiebel,,,,,,Temp,,top,,S-1-5-21-1622704856-2119577735-116698500-1234,{93ed9319-d0bc-42e7-8992-099e57b86381},Lasandra.Zwiebel,513,,Normal User Account,,,,Not Set,,,,,,,,,,,0,ABC\Lasandra.Zwiebel,,
,,Laurel.Ley,X,,,Laurel F Ley,"CN=Laurel.Ley,OU=Usa,OU=NA,DC=abc,DC=local",859753,,,Laurel,,,,,,lley@abccorp.com,,,,,,,,,,,,,,,,Ley,"Denver, CO",,,,,Sr. Manufacturing Manager,,top,,S-1-5-21-1622704856-2119577735-116698500-1193,{d918128f-31d8-41e3-8d77-2888667c581e},Laurel.Ley,513,,Normal User Account,X Shift,,,Not Set,,,,,,,,,,,0,ABC\Laurel.Ley,,
,,Lavonne.Kall,,,,Lavonne D Kall,"CN=Lavonne.Kall,OU=Usa,OU=NA,DC=abc,DC=local",211965,,,Lavonne,,,,,,lkall@abccorp.com,,,,,,,,,,,,,,,,Kall,"Oklahoma City, OK",,,,,B2 Sanitation SPEC/4 Buil,,top,,S-1-5-21-1622704856-2119577735-116698500-1197,{7e7240db-74f0-4b77-a325-6f60667509ef},Lavonne.Kall,513,,Normal User Account,Battle Creek,,,Not Set,,,,,,,,,,,0,ABC\Lavonne.Kall,,
,,Leah.Caya,,,,"Leah, Caya (Contractor)","CN=Leah.Caya,OU=Usa,OU=NA,DC=abc,DC=local",15431233,,,Leah,,,,,,,,,,,,,,,,,,,,,,Caya,,,,,,Contractor - Swift,,top,,S-1-5-21-1622704856-2119577735-116698500-1237,{3faa5888-7a44-4c26-8eba-ccb606a08dec},Leah.Caya,513,,Normal User Account,,,,Not Set,,,,,,,,,,,0,ABC\Leah.Caya,,
,,Lisha.Eckenrode,J,,,Lisha K Eckenrode,"CN=Lisha.Eckenrode,OU=Usa,OU=NA,DC=abc,DC=local",565985,,,Lisha,,,,,,leckenrode@abccorp.com,,,,,,,,,,,,,,,,Eckenrode,"Oklahoma City, OK",,,,,Ph 6 Pkg Team Member,,top,,S-1-5-21-1622704856-2119577735-116698500-1188,{08a2e1d2-cf18-49e9-9ede-6be4dec5a964},Lisha.Eckenrode,513,,Normal User Account,J Shift,,,Not Set,,,,,,,,,,,0,ABC\Lisha.Eckenrode,,
,,Loma.Au,CUSSO,,,Loma R Au,"CN=Loma.Au,OU=Usa,OU=NA,DC=abc,DC=local",996253,,,Loma,,,,,,lau@abccorp.com,,,,,,,,,,,,,,,,Au,"Washington, DC",,,,,Customer Solutions Rep,,top,,S-1-5-21-1622704856-2119577735-116698500-1152,{677b5c3a-3eaf-49bf-be0f-e6194266c352},Loma.Au,513,,Normal User Account,Customer Solutions,,,Not Set,,,,,,,,,,,0,ABC\Loma.Au,,
,,Mandi.Evensen,,,,"Mandi, Evensen (Contractor)","CN=Mandi.Evensen,OU=Usa,OU=NA,DC=abc,DC=local",15430487,,,Mandi,,,,,,,,,,,,,,,,,,,,,,Evensen,,,,,,Contractor Geodis,,top,,S-1-5-21-1622704856-2119577735-116698500-1214,{c13715af-1fa6-426f-9f0b-e5fa05b21ecd},Mandi.Evensen,513,,Normal User Account,,,,Not Set,,,,,,,,,,,0,ABC\Mandi.Evensen,,
,,Marcelino.Tomes,,,,Marcelino S Tomes,"CN=Marcelino.Tomes,OU=Usa,OU=NA,DC=abc,DC=local",381998,,,Marcelino,,,,,,mtomes@abccorp.com,,,,,,,,,,,,,,,,Tomes,"Oklahoma City, OK",,,,,Cdn. Director of Sales,,top,,S-1-5-21-1622704856-2119577735-116698500-1128,{3ffe6c30-90c2-4f2e-8d39-6f7515228861},Marcelino.Tomes,513,,Normal User Account,Toronto,,,Not Set,,,,,,,,,,,0,ABC\Marcelino.Tomes,,
,,Maricruz.Trojacek,K,,,Maricruz L Trojacek,"CN=Maricruz.Trojacek,OU=Usa,OU=NA,DC=abc,DC=local",129854,,,Maricruz,,,,,,mtrojacek@abccorp.com,,,,,,,,,,,,,,,,Trojacek,"Atlanta, GA",,,,,Ph 7 Proc Team Member,,top,,S-1-5-21-1622704856-2119577735-116698500-1145,{a2cd402c-57d1-4fcb-ab00-12b31d1ca1a6},Maricruz.Trojacek,513,,Normal User Account,K Shift,,,Not Set,,,,,,,,,,,0,ABC\Maricruz.Trojacek,,
,,Marinda.Barbieri,DISTA,,,Marinda L Barbieri,"CN=Marinda.Barbieri,OU=Usa,OU=NA,DC=abc,DC=local",480862,,,Marinda,,,,,,mbarbieri@abccorp.com,,,,,,,,,,,,,,,,Barbieri,"Portland, OR",,,,,Warehouse Supervisor,,top,,S-1-5-21-1622704856-2119577735-116698500-1135,{a0f33c70-6bb6-44f8-a9f1-bddd902b84ea},Marinda.Barbieri,513,,Normal User Account,Distribution Admin,,,Not Set,,,,,,,,,,,0,ABC\Marinda.Barbieri,,
,,Maud.Vazquez,X,,,Maud J Vazquez,"CN=Maud.Vazquez,OU=Usa,OU=NA,DC=abc,DC=local",299464,,,Maud,,,,,,mvazquez@abccorp.com,,,,,,,,,,,,,,,,Vazquez,"Los Angeles, CA",,,,,Packaging Technician,,top,,S-1-5-21-1622704856-2119577735-116698500-1209,{837c767f-72b9-4632-a471-13f82aa9952a},Maud.Vazquez,513,,Normal User Account,X Shift,,,Not Set,,,,,,,,,,,0,ABC\Maud.Vazquez,,
,,Melina.Rafter,,,,Melina P Rafter,"CN=Melina.Rafter,OU=Usa,OU=NA,DC=abc,DC=local",795376,,,Melina,,,,,,mrafter@abccorp.com,,,,,,,,,,,,,,,,Rafter,"Oklahoma City, OK",,,,,B1 BBM/5th Floor/32 BLDG,,top,"CN=All AD Users,OU=Groups,DC=abc,DC=local",S-1-5-21-1622704856-2119577735-116698500-1185,{6c4b11bb-88bc-4d1e-8d66-84ca0a8b19aa},Melina.Rafter,513,,Normal User Account,Battle Creek,,,Not Set,,,,,,,,,,,0,ABC\Melina.Rafter,,
,,Molly.Chaparro,,,,Molly M Chaparro,"CN=Molly.Chaparro,OU=Usa,OU=NA,DC=abc,DC=local",928545,,,Molly,,,,,,mchaparro@abccorp.com,,,,,,,,,,,,,,,,Chaparro,"Washington, DC",,,,,Oatwise Processing,,top,"CN=Niagara Falls,OU=Groups,DC=abc,DC=local",S-1-5-21-1622704856-2119577735-116698500-1195,{2ec13f9d-0b71-4ffb-969b-47d59b1dd97a},Molly.Chaparro,513,,Normal User Account,Niagara Falls,,,Not Set,,,,,,,,,,,0,ABC\Molly.Chaparro,,
,,Monte.Montealegre,CSIN,,,Monte N Montealegre,"CN=Monte.Montealegre,OU=Usa,OU=NA,DC=abc,DC=local",972621,,,Monte,,,,,,mmontealegre@abccorp.com,,,,,,,,,,,,,,,,Montealegre,"Minneapolis, MN",,,,,Associate Brand Manager,,top,,S-1-5-21-1622704856-2119577735-116698500-1181,{d80a9818-828a-44de-8980-1cd5b6f9f530},Monte.Montealegre,513,,Normal User Account,Consumer Strategy&Insight,,,Not Set,,,,,,,,,,,0,ABC\Monte.Montealegre,,
,,Morgan.Rhymes,PRMKT,,,Morgan N Rhymes,"CN=Morgan.Rhymes,OU=Usa,OU=NA,DC=abc,DC=local",184074,,,Morgan,,,,,,mrhymes@abccorp.com,,,,,,,,,,,,,,,,Rhymes,"Chicago, IL",,,,,Dir Bus Leadership Group,,top,,S-1-5-21-1622704856-2119577735-116698500-1158,{cc1e0479-1d5f-4ab4-af02-e3b3f7c53658},Morgan.Rhymes,513,,Normal User Account,Product Marketing,,,Not Set,,,,,,,,,,,0,ABC\Morgan.Rhymes,,
,,Nicholle.Barthel,,,,Nicholle  Barthel,"CN=Nicholle.Barthel,OU=Usa,OU=NA,DC=abc,DC=local",621999,,,Nicholle,,,,,,nbarthel@abccorp.com,,,,,,,,,,,,,,,,Barthel,"Charlotte, NC",,,,,PowerBar CA Hourly,,top,,S-1-5-21-1622704856-2119577735-116698500-1204,{6122a7b3-3a13-4165-8386-1be0cdf97687},Nicholle.Barthel,513,,Normal User Account,Toronto,,,Not Set,,,,,,,,,,,0,ABC\Nicholle.Barthel,,
,,Nicky.Crownover,DEDUC,,,Nicky M Crownover,"CN=Nicky.Crownover,OU=Usa,OU=NA,DC=abc,DC=local",913813,,,Nicky,,,,,,ncrownover@abccorp.com,,,,,,,,,,,,,,,,Crownover,"Chicago, IL",,,,,AR Deduction Coordinator,,top,,S-1-5-21-1622704856-2119577735-116698500-1124,{80e4aa2f-3887-47f8-becb-bced401135b6},Nicky.Crownover,513,,Normal User Account,Deductions Department,,,Not Set,,,,,,,,,,,0,ABC\Nicky.Crownover,,
,,Numbers.Dingess,,,,"Numbers, Dingess (Contractor)","CN=Numbers.Dingess,OU=Usa,OU=NA,DC=abc,DC=local",15431601,,,Numbers,,,,,,,,,,,,,,,,,,,,,,Dingess,,,,,,Jonesboro,,top,,S-1-5-21-1622704856-2119577735-116698500-1221,{0af1af31-86f9-428c-bf29-9db9277a4455},Numbers.Dingess,513,,Normal User Account,,,,Not Set,,,,,,,,,,,0,ABC\Numbers.Dingess,,
,,Ollie.Ehrlich,JN,,,Ollie B Ehrlich,"CN=Ollie.Ehrlich,OU=Usa,OU=NA,DC=abc,DC=local",779103,,,Ollie,,,,,,oehrlich@abccorp.com,,,,,,,,,,,,,,,,Ehrlich,"Nashville, TN",,,,,Operator B - JB,,top,,S-1-5-21-1622704856-2119577735-116698500-1151,{fc5adc2b-308a-45f1-9633-cf43e4bb13d4},Ollie.Ehrlich,513,,Normal User Account,Jonesboro,,,Not Set,,,,,,,,,,,0,ABC\Ollie.Ehrlich,,
,,Pearle.Roda,SLGH,,,Pearle L Roda,"CN=Pearle.Roda,OU=Usa,OU=NA,DC=abc,DC=local",382853,,,Pearle,,,,,,proda@abccorp.com,,,,,,,,,,,,,,,,Roda,"Chicago, IL",,,,,Sr Account Manager,,top,,S-1-5-21-1622704856-2119577735-116698500-1131,{946b8c9a-47a9-4614-980b-7edbd084833c},Pearle.Roda,513,,Normal User Account,GROCERY HQ,,,Not Set,,,,,,,,,,,0,ABC\Pearle.Roda,,
,,Perla.Slone,SLSUP,,,Perla S Slone,"CN=Perla.Slone,OU=Usa,OU=NA,DC=abc,DC=local",820537,,,Perla,,,,,,pslone@abccorp.com,,,,,,,,,,,,,,,,Slone,"Chicago, IL",,,,,Dir Retail Sales Excel,,top,,S-1-5-21-1622704856-2119577735-116698500-1169,{207f1162-b12c-466d-954f-71721136149e},Perla.Slone,513,,Normal User Account,Sales Support,,,Not Set,,,,,,,,,,,0,ABC\Perla.Slone,,
,,Renate.Sylvestre,,,,"Renate, Sylvestre (Contractor)","CN=Renate.Sylvestre,OU=Usa,OU=NA,DC=abc,DC=local",15435342,,,Renate,,,,,,,,,,,,,,,,,,,,,,Sylvestre,,,,,,Contractor,,top,,S-1-5-21-1622704856-2119577735-116698500-1252,{ff6c58a9-e968-4542-b314-27acbaed0253},Renate.Sylvestre,513,,Normal User Account,,,,Not Set,,,,,,,,,,,0,ABC\Renate.Sylvestre,,
,,Rivka Gillen,SLPF,,,Rivka M Gillen,"CN=Rivka Gillen,OU=Usa,OU=NA,DC=abc,DC=local",727426,,,Rivka,,,,,,rgillen@abccorp.com,,,,,,,,,,,,,,,,Gillen,"Los Angeles, CA",,,,,Sr. Dir Private Lbl Sales,,top,"CN=IT Team Access,OU=Groups,DC=abc,DC=local",S-1-5-21-1622704856-2119577735-116698500-1118,{087410e4-3db3-45da-b041-3d19a95ebdfc},Rivka Gillen,513,,Normal User Account,PRIVATE LABEL FS MILITARY,,,Not Set,,,,,,,,,,,0,ABC\Rivka Gillen,,
,,Rocio.Harshbarger,,,,Rocio G Harshbarger,"CN=Rocio.Harshbarger,OU=Usa,OU=NA,DC=abc,DC=local",368776,,,Rocio,,,,,,rharshbarger@abccorp.com,,,,,,,,,,,,,,,,Harshbarger,"Chicago, IL",,,,,Oven Oper. SW/SS/SWAB,,top,"CN=Niagara Falls,OU=Groups,DC=abc,DC=local",S-1-5-21-1622704856-2119577735-116698500-1126,{73bc0f7e-c8f3-439c-ac99-d3451906d09e},Rocio.Harshbarger,513,,Normal User Account,Niagara Falls,,,Not Set,,,,,,,,,,,0,ABC\Rocio.Harshbarger,,
,,Rodney.Seabrooks,X,,,Rod H Seabrooks,"CN=Rodney.Seabrooks,OU=Usa,OU=NA,DC=abc,DC=local",985789,,,Rodney,,,,,,rseabrooks@abccorp.com,,,,,,,,,,,,,,,,Seabrooks,"Orlando, FL",,,,,Operations Supervisor,,top,,S-1-5-21-1622704856-2119577735-116698500-1207,{4f53bb98-1071-4f97-bfa5-b578c8ba6dfe},Rodney.Seabrooks,513,,Normal User Account,X Shift,,,Not Set,,,,,,,,,,,0,ABC\Rodney.Seabrooks,,
,,Roseanna.Barletta,K,,,Roseanna H Barletta,"CN=Roseanna.Barletta,OU=Usa,OU=NA,DC=abc,DC=local",574853,,,Roseanna,,,,,,rbarletta@abccorp.com,,,,,,,,,,,,,,,,Barletta,"Chicago, IL",,,,,Specialist - TR,,top,"CN=All AD Users,OU=Groups,DC=abc,DC=local",S-1-5-21-1622704856-2119577735-116698500-1166,{81910079-b633-4372-a918-5baa99f2d1f8},Roseanna.Barletta,513,,Normal User Account,K Shift,,,Not Set,,,,,,,,,,,0,ABC\Roseanna.Barletta,,
,,Ross.Degree,H,,,Ross A Degree,"CN=Ross.Degree,OU=Usa,OU=NA,DC=abc,DC=local",922520,,,Ross,,,,,,rdegree@abccorp.com,,,,,,,,,,,,,,,,Degree,"Charlotte, NC",,,,,Specialist,,top,,S-1-5-21-1622704856-2119577735-116698500-1119,{184d04b6-3ab7-45b2-b6fe-8f3d31ce31f6},Ross.Degree,513,,Normal User Account,H Shift,,,Not Set,,,,,,,,,,,0,ABC\Ross.Degree,,
,,Rubi.Rusk,,,,"Rubi, Rusk (Contractor)","CN=Rubi.Rusk,OU=Usa,OU=NA,DC=abc,DC=local",15429966,,,Rubi,,,,,,,,,,,,,,,,,,,,,,Rusk,,,,,,Battle Creek,,top,,S-1-5-21-1622704856-2119577735-116698500-1227,{501ff5fa-3b2c-41ae-84bf-1ed174f475ca},Rubi.Rusk,513,,Normal User Account,,,,Not Set,,,,,,,,,,,0,ABC\Rubi.Rusk,,
,,Santos.Buchholtz,,,,"Santos, Buchholtz (Contractor)","CN=Santos.Buchholtz,OU=Usa,OU=NA,DC=abc,DC=local",15434128,,,Santos,,,,,,,,,,,,,,,,,,,,,,Buchholtz,,,,,,Contractor - Office,,top,,S-1-5-21-1622704856-2119577735-116698500-1218,{10129368-fd57-4a87-9810-a5ab75256528},Santos.Buchholtz,513,,Normal User Account,,,,Not Set,,,,,,,,,,,0,ABC\Santos.Buchholtz,,
,,Scarlett.Ditzler,,,,"Scarlett, Ditzler (Contractor)","CN=Scarlett.Ditzler,OU=Usa,OU=NA,DC=abc,DC=local",15431631,,,Scarlett,,,,,,,,,,,,,,,,,,,,,,Ditzler,,,,,,Contractor - LT,,top,,S-1-5-21-1622704856-2119577735-116698500-1213,{929a5f59-e981-4424-9307-8299f781d68e},Scarlett.Ditzler,513,,Normal User Account,,,,Not Set,,,,,,,,,,,0,ABC\Scarlett.Ditzler,,
,,Shaneka.Creighton,CONTR,,,Shaneka K Creighton,"CN=Shaneka.Creighton,OU=Usa,OU=NA,DC=abc,DC=local",108883,,,Shaneka,,,,,,screighton@abccorp.com,,,,,,,,,,,,,,,,Creighton,"Portland, OR",,,,,VP Controller,,top,"CN=All AD Users,OU=Groups,DC=abc,DC=local",S-1-5-21-1622704856-2119577735-116698500-1132,{8d6c2320-bd31-4f75-ba9d-b2431bc01de4},Shaneka.Creighton,513,,Normal User Account,Controller,,,Not Set,,,,,,,,,,,0,ABC\Shaneka.Creighton,,
,,Shaniqua.Molter,,,,Shaniqua J Molter,"CN=Shaniqua.Molter,OU=Usa,OU=NA,DC=abc,DC=local",402795,,,Shaniqua,,,,,,smolter@abccorp.com,,,,,,,,,,,,,,,,Molter,"Minneapolis, MN",,,,,"Dir, Benefits Admin",,top,,S-1-5-21-1622704856-2119577735-116698500-1194,{28ff1873-6d2e-46f5-8737-d7420a704d3f},Shaniqua.Molter,513,,Normal User Account,Human Resources,,,Not Set,,,,,,,,,,,0,ABC\Shaniqua.Molter,,
,,Shasta.Pratts,,,,"Shasta, Pratts (Contractor)","CN=Shasta.Pratts,OU=Usa,OU=NA,DC=abc,DC=local",15432284,,,Shasta,,,,,,,,,,,,,,,,,,,,,,Pratts,,,,,,Contractor-Geodis,,top,,S-1-5-21-1622704856-2119577735-116698500-1217,{70821c33-2582-4de7-96f5-38fb4813a17e},Shasta.Pratts,513,,Normal User Account,,,,Not Set,,,,,,,,,,,0,ABC\Shasta.Pratts,,
,,Sima.Pittsley,,,,"Sima, Pittsley (Contractor)","CN=Sima.Pittsley,OU=Usa,OU=NA,DC=abc,DC=local",15429543,,,Sima,,,,,,,,,,,,,,,,,,,,,,Pittsley,,,,,,Contractor - GL2,,top,,S-1-5-21-1622704856-2119577735-116698500-1220,{410ee9a5-ac4b-4f64-a7b8-f94a2a8527b3},Sima.Pittsley,513,,Normal User Account,,,,Not Set,,,,,,,,,,,0,ABC\Sima.Pittsley,,
,,Socorro.Gilham,,,,"Socorro, Gilham (Contractor)","CN=Socorro.Gilham,OU=Usa,OU=NA,DC=abc,DC=local",15429989,,,Socorro,,,,,,,,,,,,,,,,,,,,,,Gilham,,,,,,Contractor Geodis,,top,,S-1-5-21-1622704856-2119577735-116698500-1246,{efe79bdd-8c90-4940-91f6-416e473aa70f},Socorro.Gilham,513,,Normal User Account,,,,Not Set,,,,,,,,,,,0,ABC\Socorro.Gilham,,
,,Starla.Fulmer,,,,"Starla, Fulmer (Contractor)","CN=Starla.Fulmer,OU=Usa,OU=NA,DC=abc,DC=local",15434282,,,Starla,,,,,,,,,,,,,,,,,,,,,,Fulmer,,,,,,Contractor,,top,,S-1-5-21-1622704856-2119577735-116698500-1232,{4b0751f5-3c85-48b7-b33b-7cd6c00fcce2},Starla.Fulmer,513,,Normal User Account,,,,Not Set,,,,,,,,,,,0,ABC\Starla.Fulmer,,
,,Susann.Franzoni,,,,"Susann, Franzoni (Contractor)","CN=Susann.Franzoni,OU=Usa,OU=NA,DC=abc,DC=local",15429650,,,Susann,,,,,,,,,,,,,,,,,,,,,,Franzoni,,,,,,Contractor - Office,,top,,S-1-5-21-1622704856-2119577735-116698500-1238,{77968bf2-8a19-431d-a19e-85836673c986},Susann.Franzoni,513,,Normal User Account,,,,Not Set,,,,,,,,,,,0,ABC\Susann.Franzoni,,
,,Sybil.Gillikin,SLCM,,,Sybil A Gillikin,"CN=Sybil.Gillikin,OU=Usa,OU=NA,DC=abc,DC=local",543535,,,Sybil,,,,,,sgillikin@abccorp.com,,,,,,,,,,,,,,,,Gillikin,"New York, NY",,,,,Category Manager,,top,,S-1-5-21-1622704856-2119577735-116698500-1133,{25395a08-1201-4ba1-9410-a50726204dce},Sybil.Gillikin,513,,Normal User Account,CATEGORY MANAGEMENT,,,Not Set,,,,,,,,,,,0,ABC\Sybil.Gillikin,,
,,Tabitha.Barnett,,,,"Tabitha, Barnett (Contractor)","CN=Tabitha.Barnett,OU=Usa,OU=NA,DC=abc,DC=local",15431731,,,Tabitha,,,,,,,,,,,,,,,,,,,,,,Barnett,,,,,,Contractor,,top,,S-1-5-21-1622704856-2119577735-116698500-1225,{c92c4bf0-82e4-4d75-826a-d4d7d1012d2b},Tabitha.Barnett,513,,Normal User Account,,,,Not Set,,,,,,,,,,,0,ABC\Tabitha.Barnett,,
,,Takisha.Pille,,,,"Takisha, Pille (Contractor)","CN=Takisha.Pille,OU=Usa,OU=NA,DC=abc,DC=local",15430216,,,Takisha,,,,,,,,,,,,,,,,,,,,,,Pille,,,,,,Contractor - OHL,,top,,S-1-5-21-1622704856-2119577735-116698500-1241,{62717d1d-94dc-46f1-bb02-1e35e4aeb8dd},Takisha.Pille,513,,Normal User Account,,,,Not Set,,,,,,,,,,,0,ABC\Takisha.Pille,,
,,Tempie.Persinger,CSIN,,,Tempie M Persinger,"CN=Tempie.Persinger,OU=Usa,OU=NA,DC=abc,DC=local",550530,,,Tempie,,,,,,tpersinger@abccorp.com,,,,,,,,,,,,,,,,Persinger,"Austin, TX",,,,,Sr Mgr Consumer Insights,,top,,S-1-5-21-1622704856-2119577735-116698500-1208,{d8f967a9-cd85-4fc5-b04f-bdf22434e5c8},Tempie.Persinger,513,,Normal User Account,Consumer Strategy&Insight,,,Not Set,,,,,,,,,,,0,ABC\Tempie.Persinger,,
,,Tequila.Cocke,,,,Tequila L Cocke,"CN=Tequila.Cocke,OU=Usa,OU=NA,DC=abc,DC=local",154790,,,Tequila,,,,,,tcocke@abccorp.com,,,,,,,,,,,,,,,,Cocke,"Washington, DC",,,,,Team Lead - Northfield DC,,top,"CN=All AD Users,OU=Groups,DC=abc,DC=local",S-1-5-21-1622704856-2119577735-116698500-1177,{b5df40b2-ebeb-451d-85d6-dbd7b4014258},Tequila.Cocke,513,,Normal User Account,SMTW 5AM-3PM,,,Not Set,,,,,,,,,,,0,ABC\Tequila.Cocke,,
,,Terese.Ducan,,,,Terese  Ducan,"CN=Terese.Ducan,OU=Usa,OU=NA,DC=abc,DC=local",121820,,,Terese,,,,,,tducan@abccorp.com,,,,,,,,,,,,,,,,Ducan,"Oklahoma City, OK",,,,,"VP,Arch & Bus Integration",,top,,S-1-5-21-1622704856-2119577735-116698500-1148,{0b69a348-209e-4417-9add-2717d53215db},Terese.Ducan,513,,Normal User Account,Information Systems,,,Not Set,,,,,,,,,,,0,ABC\Terese.Ducan,,
,,Titus.Chittenden,MAINJ,,,Titus E Chittenden,"CN=Titus.Chittenden,OU=Usa,OU=NA,DC=abc,DC=local",586935,,,Titus,,,,,,tchittenden@abccorp.com,,,,,,,,,,,,,,,,Chittenden,"Los Angeles, CA",,,,,Maint Team Lead III,,top,,S-1-5-21-1622704856-2119577735-116698500-1170,{926b376c-ecd2-44e8-aa99-45a9913979cd},Titus.Chittenden,513,,Normal User Account,Maintenance J,,,Not Set,,,,,,,,,,,0,ABC\Titus.Chittenden,,
,,Tyra.Paiz,,,,Tyra E Paiz,"CN=Tyra.Paiz,OU=Usa,OU=NA,DC=abc,DC=local",544125,,,Tyra,,,,,,tpaiz@abccorp.com,,,,,,,,,,,,,,,,Paiz,"Oklahoma City, OK",,,,,Sr Mgr IT Project Mgmt,,top,"CN=IT Team Access,OU=Groups,DC=abc,DC=local",S-1-5-21-1622704856-2119577735-116698500-1146,{806583da-96da-4e78-9b53-501bdef499a8},Tyra.Paiz,513,,Normal User Account,Information Systems,,,Not Set,,,,,,,,,,,0,ABC\Tyra.Paiz,,
,,Vannesa.Kirkendall,K,,,Vannesa L Kirkendall,"CN=Vannesa.Kirkendall,OU=Usa,OU=NA,DC=abc,DC=local",768045,,,Vannesa,,,,,,vkirkendall@abccorp.com,,,,,,,,,,,,,,,,Kirkendall,"Los Angeles, CA",,,,,Ph 6 Proc Team Member,,top,"CN=All AD Users,OU=Groups,DC=abc,DC=local",S-1-5-21-1622704856-2119577735-116698500-1211,{fae507f0-0e6a-4d07-8ceb-0d8b0878c3c0},Vannesa.Kirkendall,513,,Normal User Account,K Shift,,,Not Set,,,,,,,,,,,0,ABC\Vannesa.Kirkendall,,
,,Vern.Woodfin,,,,"Vern, Woodfin (Contractor)","CN=Vern.Woodfin,OU=Usa,OU=NA,DC=abc,DC=local",15433046,,,Vern,,,,,,,,,,,,,,,,,,,,,,Woodfin,,,,,,Contractor ? Swift,,top,,S-1-5-21-1622704856-2119577735-116698500-1249,{aef5e37c-3b92-43b7-89f0-e934fec8a1d1},Vern.Woodfin,513,,Normal User Account,,,,Not Set,,,,,,,,,,,0,ABC\Vern.Woodfin,,
,,Violet.Ginn,,,,"Violet, Ginn (Contractor)","CN=Violet.Ginn,OU=Usa,OU=NA,DC=abc,DC=local",15430961,,,Violet,,,,,,,,,,,,,,,,,,,,,,Ginn,,,,,,Niagara Falls,,top,,S-1-5-21-1622704856-2119577735-116698500-1222,{e74f9637-d697-44dd-8b3b-200e50b0fa28},Violet.Ginn,513,,Normal User Account,,,,Not Set,,,,,,,,,,,0,ABC\Violet.Ginn,,
,,Virgil.Gremillion,K,,,Virgil D Gremillion,"CN=Virgil.Gremillion,OU=Usa,OU=NA,DC=abc,DC=local",905191,,,Virgil,,,,,,vgremillion@abccorp.com,,,,,,,,,,,,,,,,Gremillion,"Chicago, IL",,,,,Operator - TR,,top,,S-1-5-21-1622704856-2119577735-116698500-1153,{df5fef4b-c218-496a-9988-5589cb0ca9d4},Virgil.Gremillion,513,,Normal User Account,K Shift,,,Not Set,,,,,,,,,,,0,ABC\Virgil.Gremillion,,
,,Yoshie.Dixon,,,,"Yoshie, Dixon (Contractor)","CN=Yoshie.Dixon,OU=Usa,OU=NA,DC=abc,DC=local",15430849,,,Yoshie,,,,,,,,,,,,,,,,,,,,,,Dixon,,,,,,Battle Creek,,top,,S-1-5-21-1622704856-2119577735-116698500-1236,{6bfc6494-f1e4-45e3-a502-3280603532eb},Yoshie.Dixon,513,,Normal User Account,,,,Not Set,,,,,,,,,,,0,ABC\Yoshie.Dixon,,
,,Zana.Mcbeath,,,,Zana  Mcbeath,"CN=Zana.Mcbeath,OU=Usa,OU=NA,DC=abc,DC=local",566661,,,Zana,,,,,,zmcbeath@abccorp.com,,,,,,,,,,,,,,,,Mcbeath,"Phoenix, AZ",,,,,R&D Project Leader,,top,,S-1-5-21-1622704856-2119577735-116698500-1120,{0ab22a0d-f9ba-4be5-a60b-241608bf2f3e},Zana.Mcbeath,513,,Normal User Account,R&D,,,Not Set,,,,,,,,,,,0,ABC\Zana.Mcbeath,,
,,Lila.Bober,I,,,Lila D Bober,"CN=Lila.Bober,OU=Usa,OU=NA,DC=abc,DC=local",710750,,,Lila,,,,,,lbober@abccorp.com,,,,,,,,,,,,,,,,Bober,"Albuquerque, NM",,,,,Ph 9 Proc Team Member,,top,"CN=All AD Users,OU=Groups,DC=abc,DC=local",S-1-5-21-1622704856-2119577735-116698500-1182,{0643d9e3-50b0-470a-a62f-3aadf981dce8},Lila.Bober,513,,Normal User Account,I Shift,,,Not Set,,,,,,,,,,,0,ABC\Lila.Bober,,
,,Calandra.Bolte,HMRS,,,Calandra D. Bolte,"CN=Calandra.Bolte,OU=EMEA,DC=abc,DC=local",992521,,,Calandra,,,,,,cbolte@abccorp.com,,,,,,,,,,,,,,,,Bolte,"Minneapolis, MN",,,,,HR Coordinator,,top,"CN=HR team Access,OU=Groups,DC=abc,DC=local",S-1-5-21-1622704856-2119577735-116698500-1176,{33476bc6-7486-4a6a-9a87-a4719bb543c0},Calandra.Bolte,513,,Normal User Account,Human Resources,,,Not Set,,,,,,,,,,,0,ABC\Calandra.Bolte,,
,,Naomi.Bucholz,K,,,Naomi S Bucholz,"CN=Naomi.Bucholz,OU=Usa,OU=NA,DC=abc,DC=local",729019,,,Naomi,,,,,,nbucholz@abccorp.com,,,,,,,,,,,,,,,,Bucholz,"Denver, CO",,,,,Ph 9 Pkg Team Member,,top,"CN=All AD Users,OU=Groups,DC=abc,DC=local",S-1-5-21-1622704856-2119577735-116698500-1184,{7d85611f-3a3a-496e-b6e0-a793b83fab92},Naomi.Bucholz,513,,Normal User Account,K Shift,,,Not Set,,,,,,,,,,,0,ABC\Naomi.Bucholz,,
,,Lanny.Epley,X,,,Lanny W Epley,"CN=Lanny.Epley,OU=EMEA,DC=abc,DC=local",650012,,,Lanny,,,,,,lepley@abccorp.com,,,,,,,,,,,,,,,,Epley,"Los Angeles, CA",,,,,Operations Supervisor,,top,"CN=All AD Users,OU=Groups,DC=abc,DC=local",S-1-5-21-1622704856-2119577735-116698500-1134,{48359cf2-cde6-472a-a8ee-e927b2b62275},Lanny.Epley,513,,Normal User Account,X Shift,,,Not Set,,,,,,,,,,,0,ABC\Lanny.Epley,,
,,September.Hipsher,,,,September  Hipsher,"CN=September.Hipsher,OU=Usa,OU=NA,DC=abc,DC=local",503408,,,September,,,,,,shipsher@abccorp.com,,,,,,,,,,,,,,,,Hipsher,"Austin, TX",,,,,Team Lead,,top,"CN=All AD Users,OU=Groups,DC=abc,DC=local",S-1-5-21-1622704856-2119577735-116698500-1200,{6dafd685-a73b-40f4-b0a3-f04f88e61566},September.Hipsher,513,,Normal User Account,WNA-Production,,,Not Set,,,,,,,,,,,0,ABC\September.Hipsher,,
,,Reatha.Immel,K,,,Reatha A Immel,"CN=Reatha.Immel,OU=Usa,OU=NA,DC=abc,DC=local",200038,,,Reatha,,,,,,rimmel@abccorp.com,,,,,,,,,,,,,,,,Immel,"Denver, CO",,,,,Ph 8 Proc Team Member,,top,"CN=All AD Users,OU=Groups,DC=abc,DC=local",S-1-5-21-1622704856-2119577735-116698500-1127,{d0fd4bc9-09fb-4aa8-abf0-43731ec469a5},Reatha.Immel,513,,Normal User Account,K Shift,,,Not Set,,,,,,,,,,,0,ABC\Reatha.Immel,,
,,Delores.Marcotte,,,,Delores D Marcotte,"CN=Delores.Marcotte,OU=Usa,OU=NA,DC=abc,DC=local",996008,,,Delores,,,,,,dmarcotte@abccorp.com,,,,,,,,,,,,,,,,Marcotte,"Los Angeles, CA",,,,,Sr. Network Engineer,,top,"CN=All AD Users,OU=Groups,DC=abc,DC=local",S-1-5-21-1622704856-2119577735-116698500-1161,{9cda3bf9-bf9b-411f-b780-935ec7998cdb},Delores.Marcotte,513,,Normal User Account,INFORMATION TECHNOLOGY,,,Not Set,,,,,,,,,,,0,ABC\Delores.Marcotte,,
,,Vicenta.Milbrandt,MTJ,,,Vicenta N Milbrandt,"CN=Vicenta.Milbrandt,OU=Usa,OU=NA,DC=abc,DC=local",347433,,,Vicenta,,,,,,vmilbrandt@abccorp.com,,,,,,,,,,,,,,,,Milbrandt,"Nashville, TN",,,,,Maintenance Technician II,,top,"CN=All AD Users,OU=Groups,DC=abc,DC=local",S-1-5-21-1622704856-2119577735-116698500-1196,{33b978dc-43ee-4d85-a6bb-77211fbe046a},Vicenta.Milbrandt,513,,Normal User Account,Maintenance J,,,Not Set,,,,,,,,,,,0,ABC\Vicenta.Milbrandt,,
,,Gertrude.Nigh,CSIN,,,Gertrude T Nigh,"CN=Gertrude.Nigh,OU=Usa,OU=NA,DC=abc,DC=local",486539,,,Gertrude,,,,,,gnigh@abccorp.com,,,,,,,,,,,,,,,,Nigh,"Atlanta, GA",,,,,Analytics Manager,,top,"CN=All AD Users,OU=Groups,DC=abc,DC=local",S-1-5-21-1622704856-2119577735-116698500-1149,{de694f37-625c-49f2-b7fe-824c1cbf3de9},Gertrude.Nigh,513,,Normal User Account,Consumer Strategy&Insight,,,Not Set,,,,,,,,,,,0,ABC\Gertrude.Nigh,,
,,Monica.Pfeiffer,,,,Monica E Pfeiffer,"CN=Monica.Pfeiffer,OU=Usa,OU=NA,DC=abc,DC=local",167376,,,Monica,,,,,,mpfeiffer@abccorp.com,,,,,,,,,,,,,,,,Pfeiffer,"Orlando, FL",,,,,Class A MECH MW,,top,"CN=All AD Users,OU=Groups,DC=abc,DC=local",S-1-5-21-1622704856-2119577735-116698500-1150,{65048afb-f3a6-4903-bd6e-10594889ddf6},Monica.Pfeiffer,513,,Normal User Account,Battle Creek,,,Not Set,,,,,,,,,,,0,ABC\Monica.Pfeiffer,,
,,Echo.Platt,SLPF,,,Echo H Platt,"CN=Echo.Platt,OU=Usa,OU=NA,DC=abc,DC=local",182583,,,Echo,,,,,,eplatt@abccorp.com,,,,,,,,,,,,,,,,Platt,"Washington, DC",,,,,Regional Sales Mgr FS,,top,"CN=All AD Users,OU=Groups,DC=abc,DC=local",S-1-5-21-1622704856-2119577735-116698500-1183,{c3aa461b-fe47-4c21-9ae5-2d48a4254d38},Echo.Platt,513,,Normal User Account,PRIVATE LABEL FS MILITARY,,,Not Set,,,,,,,,,,,1.32545E+17,ABC\Echo.Platt,,
,,Leonore.Prall,J,,,Leonore J Prall,"CN=Leonore.Prall,OU=Usa,OU=NA,DC=abc,DC=local",170086,,,Leonore,,,,,,lprall@abccorp.com,,,,,,,,,,,,,,,,Prall,"Portland, OR",,,,,Specialist - TR,,top,"CN=All AD Users,OU=Groups,DC=abc,DC=local",S-1-5-21-1622704856-2119577735-116698500-1180,{2eca4ed2-1bb0-459b-90a2-54111b698f9d},Leonore.Prall,513,,Normal User Account,J Shift,,,Not Set,,,,,,,,,,,0,ABC\Leonore.Prall,,
,,Marion.Ripple,X,,,Marion H Ripple,"CN=Marion.Ripple,OU=Usa,OU=NA,DC=abc,DC=local",240228,,,Marion,,,,,,mripple@abccorp.com,,,,,,,,,,,,,,,,Ripple,"Phoenix, AZ",,,,,Plant Engr Tech Excel Mgr,,top,"CN=All AD Users,OU=Groups,DC=abc,DC=local",S-1-5-21-1622704856-2119577735-116698500-1137,{8dd1477d-2f02-497d-a04d-02b6d9b60e11},Marion.Ripple,513,,Normal User Account,X Shift,,,Not Set,,,,,,,,,,,0,ABC\Marion.Ripple,,
,,Toby.Schooley,J,,,Toby D Schooley,"CN=Toby.Schooley,OU=Usa,OU=NA,DC=abc,DC=local",,,,Toby,,,,,,tschooley@abccorp.com,,,,,,,,,,,,,,,,Schooley,"Phoenix, AZ",,,,,Operator - TR,,top,"CN=All AD Users,OU=Groups,DC=abc,DC=local",S-1-5-21-1622704856-2119577735-116698500-1173,{f3da7ea9-6cfe-49e0-ba3f-f29fe5232819},Toby.Schooley,513,,Normal User Account,J Shift,,,Not Set,,,,,,,,,,,0,ABC\Toby.Schooley,,
,,Clare.Smathers,FIN,,,Clare  Smathers,"CN=Clare.Smathers,OU=Usa,OU=NA,DC=abc,DC=local",806145,,,Clare,,,,,,csmathers@abccorp.com,,,,,,,,,,,,,,,,Smathers,"Los Angeles, CA",,,,,Senior Financial Analyst,,top,"CN=All AD Users,OU=Groups,DC=abc,DC=local",S-1-5-21-1622704856-2119577735-116698500-1164,{f93fe0dd-8a0c-433e-84cf-92c7772d18de},Clare.Smathers,513,,Normal User Account,Finance,,,Not Set,,,,,,,,,,,0,ABC\Clare.Smathers,,
,,Merrill.Trim,,,,Merrill Edward Trim,"CN=Merrill.Trim,OU=Usa,OU=NA,DC=abc,DC=local",707218,,,Merrill,,,,,,mtrim@abccorp.com,,,,,,,,,,,,,,,,Trim,"Washington, DC",,,,,Transporter II Lead,,top,"CN=All AD Users,OU=Groups,DC=abc,DC=local",S-1-5-21-1622704856-2119577735-116698500-1162,{45ee647c-01c2-4790-bdc7-7a6af96dab8a},Merrill.Trim,513,,Normal User Account,WNA  Sterling Warehouse,,,Not Set,,,,,,,,,,,0,ABC\Merrill.Trim,,
,,Annis.Tripodi,,,,"Annis, Tripodi","CN=Annis.Tripodi,OU=Usa,OU=NA,DC=abc,DC=local",669193,,,Annis,,,,,,atripodi@abccorp.com,,,,,,,,,,,,,,,,Tripodi,"Charlotte, NC",,,,,Cdn. Maintenance Manager,,top,"CN=HR team Access,OU=Groups,DC=abc,DC=local",S-1-5-21-1622704856-2119577735-116698500-1141,{93cf87c7-4976-4d8e-9364-517dd73a4a64},Annis.Tripodi,513,,Normal User Account,Niagara Falls,,,Not Set,,,,,,,,,,,1.32727E+17,ABC\Annis.Tripodi,,1.32727E+17
,,Yu.Voll,CSIN,,,Yu J Voll,"CN=Yu.Voll,OU=Usa,OU=NA,DC=abc,DC=local",940199,,,Yu,,,,,,yvoll@abccorp.com,,,,,,,,,,,,,,,,Voll,"Chicago, IL",,,,,Graphics Project Manager,,top,"CN=All AD Users,OU=Groups,DC=abc,DC=local",S-1-5-21-1622704856-2119577735-116698500-1205,{b893da0e-9a44-49ab-a5d5-744dbedf58ca},Yu.Voll,513,,Normal User Account,Consumer Strategy&Insight,,,Not Set,,,,,,,,,,,1.32554E+17,ABC\Yu.Voll,,
,,Yetta.Yeh,K,,,Yetta A Yeh,"CN=Yetta.Yeh,OU=Usa,OU=NA,DC=abc,DC=local",338220,,,Yetta,,,,,,yyeh@abccorp.com,,,,,,,,,,,,,,,,Yeh,"Denver, CO",,,,,Operator - TR,,top,"CN=All AD Users,OU=Groups,DC=abc,DC=local",S-1-5-21-1622704856-2119577735-116698500-1179,{a48be1cf-1abd-4bfe-b4e6-66a1bf681a2b},Yetta.Yeh,513,,Normal User Account,K Shift,,,Not Set,,,,,,,,,,,1.32556E+17,ABC\Yetta.Yeh,,